id,source_file,created_at,x_1,x_2,x_3,x_4,x_5,x_6,x_7,x_8,x_9,x_10,x_11,x_12,x_13,x_14,x_15,x_16,x_17,x_18,n_ppm,p_ppm,k_ppm,oc_percent,ph,ec,fe,mn,cu,zn,b,s
a3f34ae4-3baa-4157-bbd0-f4ee3ecc6d72,S25,2026-06-25T08:50:40.302838+00:00,400.51014,124.56558,403.45772,77.129362,219.57547,175.40892,43.028949,51.509084,342.96514,67.886133,223.97672,13.222019,34.156703,28.13152,142.58535,571.66554,44.41915,9.352092,203.02,15.27,279.44,0.56,7.79,0.154,7.41,18.43,0.93,0.7,0.48,7.09
00ac8288-c68d-48aa-b5f2-853dded290fc,S24,2026-06-25T08:48:15.996518+00:00,275.66111,80.618608,256.75455,47.333447,131.55702,99.181488,22.095946,26.302512,199.10394,35.878322,126.20994,6.910602,19.1839,16.098381,83.605658,319.78315,25.91664,6.964324,211.59,16.24,204.96,0.49,7.38,0.353,6.92,8.67,1.68,0.85,0.5,9.26
e24d544d-d2c6-4d6e-b8cf-3c1ce8c60d51,S23,2026-06-25T08:46:20.001854+00:00,255.70966,73.638219,235.0705,43.396452,119.31915,89.384901,19.875777,24.110637,182.41602,33.399455,118.09879,6.231525,17.858183,15.04142,77.032886,297.22829,23.029724,6.466872,207.67,17.86,208.66,0.36,6.98,0.248,5.28,6.43,1.75,0.68,0.53,7.81
3d1ad2d2-5e79-4b46-95bf-ee8f204bc29a,S22,2026-06-25T08:44:01.127236+00:00,431.43925,132.72576,439.6298,81.245312,240.12879,187.42226,49.636585,56.490621,320.86806,73.713643,211.64773,13.821204,30.725434,25.123235,126.19721,473.8884,40.088777,9.252601,195.69,16.56,217.28,0.39,7.28,0.385,6.21,11.77,1.08,0.94,0.52,8.14
3704af30-5f3d-470a-b24b-4b1d09167964,S21,2026-06-25T08:42:13.829085+00:00,251.09206,72.36012,231.04071,42.770112,118.14244,91.029581,22.571698,26.999925,185.06306,36.617634,118.96398,7.030439,17.936167,15.041421,72.738675,287.66313,22.242382,6.864834,204.25,17.86,261.74,0.42,7.32,0.312,7.62,6.61,1.45,0.67,0.48,7.42
5b8d03ea-fb5b-49cd-a67d-9fbd25bc09c3,S20,2026-06-25T08:36:43.656508+00:00,260.15298,77.570834,248.50309,46.886061,129.59581,98.466412,21.30303,25.405836,211.9939,34.617145,137.9982,6.950548,20.82155,17.317959,88.600967,355.8001,25.588583,6.964324,211.1,14.94,278.77,0.55,6.87,0.239,5.86,15.35,1.57,0.88,0.57,10.28
eeee8750-75d1-4118-b99c-3972cb7524f5,S19,2026-06-25T08:32:07.878533+00:00,253.44442,72.75338,230.75287,42.680634,117.82864,89.527916,19.400029,23.512851,179.42372,32.529678,118.85583,6.231525,17.546252,14.878811,74.579052,293.68565,22.832889,6.566362,194.46,15.92,292.43,0.38,7.18,0.328,7.18,10.92,1.63,0.91,0.52,11.01
b5d630f8-e4a4-4321-beee-664ba0a5d315,S18,2026-06-25T08:25:47.477011+00:00,460.97438,142.85226,472.05993,85.54022,250.24858,193.78647,43.980447,50.81167,352.51754,67.494733,227.43748,13.22202,34.000736,28.212825,147.05482,561.74612,46.453114,9.650563,213.05,14.62,225.68,0.46,6.89,0.271,5.11,9.63,1.26,0.67,0.4,8.81
ef918709-9ac3-48dc-b7a4-7dfef0e8789e,S17,2026-06-25T08:23:20.377892+00:00,369.40678,112.4728,366.51807,68.271117,196.82559,153.59901,35.099777,41.844906,294.28251,57.057404,194.88462,10.945117,29.71165,24.147575,124.70739,483.68974,39.695104,8.655659,210.61,16.24,262.75,0.36,7.37,0.189,6.76,16.75,1.48,0.82,0.52,9.86
790d497f-42df-447c-b706-fd1bf2fda8b3,S16,2026-06-25T08:19:42.439462+00:00,412.88178,129.87461,432.81754,83.124336,233.93143,181.98765,42.130308,48.918685,318.56628,62.754446,200.72466,11.983703,31.271319,25.448455,132.24418,529.6261,43.041305,9.352092,209.87,13.97,263.42,0.41,6.89,0.245,5,13.46,1.83,0.74,0.67,9.29
65c7059c-edb2-418b-8e46-a3d183ee3333,S15,2026-06-25T08:17:23.431608+00:00,272.08899,86.517532,275.46424,51.180967,151.95346,117.20149,27.646362,34.27297,258.14456,49.098937,183.42082,9.626908,26.514337,22.358865,118.7481,473.65223,38.842153,8.058717,202.29,15.27,296.24,0.49,7.64,0.382,6.42,7.98,1.54,0.61,0.61,8.44
3f22a40e-f971-490f-8c51-72f72e37229a,S14,2026-06-25T08:15:20.906473+00:00,471.86489,148.45622,496.14267,92.161534,274.25361,211.37741,40.967363,47.424226,386.46877,62.754446,254.36659,12.38316,37.509983,31.0585,170.36625,654.2093,48.946361,9.650563,162.91,16.24,225.34,0.46,7.41,0.328,5.91,20.13,1.65,0.78,0.4,8.32
8eebc82a-a636-46bc-be3b-acae00905488,S13,2026-06-25T08:13:34.180299+00:00,317.48071,100.969879,320.07965,61.291893,175.95849,136.29408,34.306861,42.442689,294.16743,58.927428,193.47868,11.344571,29.9456,24.5541,126.46016,516.5183,41.007341,8.95413,195.69,18.51,210.56,0.51,7.32,0.284,7.28,11.18,1.85,0.67,0.5,8.66
6b8fbeae-fc35-4149-94df-f6de2bd1b04e,S12,2026-06-24T10:13:33.857444+00:00,455.39839,139.60783,470.33288,85.629697,258.25024,200.29367,49.055112,55.09579,322.36421,71.713157,217.27147,13.222021,31.583251,26.098895,135.57437,500.45828,38.186035,8.85464,178.56,16.56,289.07,0.45,7.13,0.235,6.97,15.69,1.14,0.86,0.61,11.52
8bcc3a00-c9f0-4019-b60b-fdb794eec614,S11,2026-06-24T10:11:20.701743+00:00,279.75594,79.73377,257.33024,45.812337,131.47857,98.53792,21.303028,25.804357,185.98379,36.095767,125.12848,6.670928,18.482049,15.529248,81.852919,310.69038,24.604407,6.765343,200.33,14.94,230.61,0.39,6.94,0.166,7.62,9.51,1.74,0.68,0.44,7.27
6fd8c333-1e73-44a5-bd45-4538321fd01b,S10,2026-06-24T10:08:44.094565+00:00,411.57489,124.66389,411.61323,76.681975,225.38062,178.34074,39.064364,46.477734,331.91661,62.754447,222.03004,12.263323,34.078719,28.212825,149.94683,597.76306,42.582021,9.05362,207.43,18.84,287.95,0.42,7.71,0.359,8.39,13.46,1.09,0.71,0.53,7.99
fc049375-356b-4bb5-9e5c-68c97a06c07b,S9,2026-06-24T10:06:51.702906+00:00,461.23571,141.47584,479.54381,88.850877,264.21227,207.15844,48.473641,55.045974,348.83467,70.79989,236.9546,13.421748,34.078718,28.863265,152.13776,586.30847,41.991516,9.252601,183.7,16.56,245.5,0.37,7.01,0.237,6.25,6.62,1.5,0.85,0.4,8.81
6cce0193-50a6-483f-a5d4-0c900b44936b,S8,2026-06-24T10:04:53.046435+00:00,238.11054,68.624132,215.97702,40.085794,111.55281,83.664266,24.633278,29.590324,182.87638,40.444651,115.61135,7.38995,17.7802,14.472287,70.197207,266.05298,19.88036,6.566362,167.07,14.694,300.38,0.39,7.62,0.174,5.16,10.58,1.06,0.95,0.5,9.35
f0783480-a30d-4234-8333-6b2566b2874a,S7,2026-06-24T10:01:33.734584+00:00,308.33269,96.742326,307.5106,57.623329,170.3887,131.43156,31.505222,39.453767,286.80172,56.666005,199.64317,10.705442,30.4135,25.285845,137.59004,547.33935,41.335397,8.556169,209.87,18.84,265.89,0.45,7.22,0.402,7.98,12.44,1.92,0.72,0.53,8.96
393b7481-0aee-4080-9e8e-4156b1cf688c,S6,2026-06-24T09:59:47.979588+00:00,395.36979,119.45319,394.34277,72.387069,207.72985,160.53528,33.408222,38.955614,305.9065,51.838738,195.64167,9.906529,29.867617,24.87932,130.66671,509.31491,36.742578,8.257698,185.9,14.94,249.76,0.56,6.98,0.361,5.26,15.34,1.16,0.65,0.46,8.72
127759fa-af96-4be8-a70f-6da3dd1e43c2,S5,2026-06-24T09:57:48.794721+00:00,255.79677,74.326426,239.19623,43.217497,121.82947,90.028472,21.197308,25.704729,178.84827,36.269722,117.99063,6.630982,17.156334,14.228372,73.527408,275.61814,21.455043,6.466872,196.42,15.92,229.04,0.55,7.16,0.247,7.79,11.62,1.35,0.74,0.48,7.36
a6fb11b2-94f8-42c2-a8b4-bfc9c245dd48,S4,2026-06-24T09:54:34.694367+00:00,244.20924,70.492126,228.64204,42.054294,117.82864,90.457515,24.580417,29.490693,188.86101,39.313942,121.88399,7.509787,18.404065,15.204029,73.615046,281.52254,20.995758,6.864834,214.03,14.62,245.06,0.41,7.67,0.109,5.72,6.85,1.96,0.72,0.5,12.61
5c54b80b-089d-4bbe-8e1c-83689edee35d,S3,2026-06-24T09:52:30.848182+00:00,258.23625,82.68323,260.01674,48.496651,142.06903,111.12331,25.479058,32.081093,258.48985,47.272408,179.09486,9.347289,27.060221,22.358865,121.20191,488.41329,37.333082,7.959227,203.27,16.24,269.58,0.51,6.93,0.254,6.95,7.7,1.15,0.7,0.44,8.81
e72f463c-fedb-4a31-9d77-e3b5e9869185,S2,2026-06-24T09:48:44.956817+00:00,294.82844,96.644015,309.62143,59.770781,178.31193,143.01583,36.368446,45.879949,333.41276,66.277046,242.14574,13.701367,35.560401,30.326755,165.10804,692.58798,50.061762,9.650563,191.53,18.19,204.4,0.38,7.29,0.189,8.32,10.1,0.94,0.56,0.57,9.44
94a88d93-7e1d-4586-96c3-181b29e751b6,S1,2026-06-24T09:46:15.05908+00:00,227.91701,65.772986,210.69993,38.92259,109.04248,81.733551,22.677418,27.099558,173.2089,36.487168,111.17723,6.910602,16.298516,13.49663,64.938987,248.69399,18.568125,6.267891,183.46,15.27,256.59,0.57,7.33,0.465,5.36,14.58,1.26,0.7,0.69,10.68
d669cb15-5e1e-4e94-8d71-0bff93ccd2da,J25,2026-06-24T09:18:43.155729+00:00,305.28333,89.761939,289.28063,52.970514,150.2276,113.26855,29.919389,35.269278,213.25987,46.402628,142.75675,8.628266,20.587601,17.480568,88.425693,354.97349,27.228875,7.262795,198.13,18.51,346.64,0.743,6.77,0.11,0.89,10.01,0.74,1.47,0.9,12.73
08cc56df-abcf-4171-b66a-5a5f9c354329,J24,2026-06-24T09:15:33.101035+00:00,326.80302,97.725474,315.66608,57.086464,166.38785,126.56901,32.245279,38.407646,259.87092,51.969207,168.38809,10.066311,26.748288,21.62712,115.76842,450.15266,34.971058,8.058717,221.13,15.92,344.51,0.604,6.78,0.013,0.84,10.32,0.68,1.87,0.74,11.61
ccb6169c-7133-4e83-b96a-4d65a1047c28,J23,2026-06-24T09:13:51.163456+00:00,295.17693,88.8771,287.64952,53.328423,152.58104,112.9825,33.196779,39.00543,210.84301,50.881983,132.4826,9.42718,19.885751,16.260994,78.697988,304.1955,26.113476,7.362285,207.67,19.16,260.18,0.673,6.77,0.112,0.86,9.7,0.78,1.61,0.46,9.89
83c355c3-d26d-41f2-9c56-045567ba3be5,J22,2026-06-24T09:09:42.340554+00:00,305.10908,90.056886,291.96714,54.04424,151.56122,117.84505,27.012029,32.130909,220.2803,41.923275,141.78344,8.029081,21.757349,18.456225,95.349012,376.93791,27.491322,7.163305,220.39,18.19,369.94,0.72,6.76,0.126,0.82,9.19,0.73,1.49,0.96,8.87
1a6c6207-0f4c-4b13-8029-3a533cf86b59,J21,2026-06-24T09:07:30.901945+00:00,332.03049,99.101891,324.2054,59.949734,169.21197,131.36003,28.967888,34.721309,255.6126,47.18543,163.52138,9.027723,25.266603,21.057985,111.38657,435.39164,34.511776,7.859737,201.07,16.24,374.42,0.673,6.77,0.077,0.9,7.55,0.8,1.41,0.78,13.75
5547aca7-5856-4d35-963d-39116fc64986,J20,2026-06-24T09:03:40.062476+00:00,300.84,89.565303,290.33604,53.328421,150.14915,114.269677,31.188056,37.311709,214.41076,49.185919,137.89004,8.947832,21.75735,17.805786,90.353706,354.85538,27.425711,7.660756,196.66,13.32,265.33,0.511,6.81,0.034,1.08,11.48,0.6,1.32,0.88,10.25
9d7928e7-a3f9-4a44-9fef-1f78691c28cf,J19,2026-06-24T09:01:20.203945+00:00,358.08063,102.149682,324.49324,57.891759,165.83872,125.13884,31.716668,37.311707,233.86078,49.83825,150.11091,9.42718,23.472985,18.944055,95.524285,376.22937,28.541112,7.561266,235.31,20.14,344.62,0.557,6.81,0.109,1.19,9.53,0.74,0.71,0.55,12.55
7943f41e-74d1-4da1-a892-b51a2132f308,J18,2026-06-24T08:59:14.003783+00:00,336.03819,97.332213,316.04988,56.996988,164.66201,125.92544,25.003305,29.789587,240.42086,40.96652,160.9258,7.909244,23.862903,20.48885,112.26294,456.64751,30.771908,7.362285,254.88,17.21,290.42,0.708,6.77,0.153,1.19,8.67,0.7,1.48,0.71,11.52
5db459dc-9ccc-4b94-9dca-00a5bcfa17c6,J17,2026-06-24T08:57:09.351669+00:00,335.16694,98.806951,320.94316,58.607577,168.03526,127.21258,31.082334,36.763739,236.73801,49.446851,158.33022,9.866583,23.317018,20.00102,104.81381,423.70089,32.805872,7.959227,257.82,15.27,296.69,0.534,6.87,0.109,1.54,9.01,0.74,1.75,0.59,11.97
2018488a-7034-4c8d-b49c-e31c73112729,J16,2026-06-24T08:54:29.883177+00:00,311.73053,92.514769,301.36996,55.923261,159.87669,123.06512,33.302502,39.702844,239.50016,52.621538,157.03242,9.866583,24.01887,20.16363,104.72616,420.39442,30.11579,7.660756,276.41,14.62,264.77,0.685,6.88,0.123,1.79,8.18,0.5,0.31,0.59,16.05
09914dac-49d5-442e-8816-a8b81e3cfe13,J15,2026-06-24T08:52:48.576575+00:00,447.55722,138.23142,455.65297,86.345514,252.60201,200.36518,40.755921,48.470349,363.91134,64.92889,244.30874,12.542941,35.950316,30.08284,160.0251,628.93837,44.81282,9.352092,216.48,16.24,268.58,0.662,6.92,0.121,2.24,10.09,0.48,0.3,0.32,7.69
83c10581-2671-41d3-b3b2-c2f694f75438,J14,2026-06-24T08:51:12.240365+00:00,470.12239,151.40568,505.1617,94.398464,278.09755,219.88685,52.808251,62.169572,441.59639,83.716084,289.94762,16.457621,43.748652,35.530275,187.28019,723.76329,52.686229,10.446487,214.03,19.16,320.1,0.569,6.99,0.083,0.96,9.81,0.6,0.47,0.36,5.04
9c271efc-8d2e-482c-b873-3bd84e2438e7,J13,2026-06-24T08:48:22.360979+00:00,428.04139,134.2988,446.63395,80.887403,246.48307,187.35075,52.22678,62.119758,373.46373,85.45564,252.63623,15.139413,36.73015,29.75762,155.1174,590.20544,41.991517,9.352092,242.41,17.21,267.46,0.72,7.03,0.087,0.9,11.05,0.57,0.38,0.29,13.63
1d437e9b-00b8-42fd-80be-17c9bbde49a4,J12,2026-06-24T08:45:47.309605+00:00,420.02597,134.29879,441.16495,83.392768,243.5805,189.85352,53.389722,64.012741,386.92914,86.151462,254.04214,16.058162,39.069652,31.22111,162.56657,623.03396,45.14088,10.148015,211.34,14.29,292.99,0.557,7.09,0.67,0.93,9.91,0.49,0.54,0.5,9.35
8cca0905-68df-40c5-a0c3-ae3db73461b5,J11,2026-06-24T08:43:29.562905+00:00,488.41849,153.86357,514.66047,95.830096,283.82425,221.10249,45.09053,53.551513,407.87533,72.887356,272.64379,13.781257,40.551332,33.66026,182.54778,703.21594,52.292561,10.148015,189.08,20.14,270.26,0.592,7.11,0.065,0.95,10.82,0.56,0.34,0.78,11.58
21354889-7348-45b8-9cc3-544961044063,J10,2026-06-24T08:42:49.120807+00:00,428.12853,136.95332,458.7233,87.419241,256.68129,200.22217,55.821335,65.407572,373.46371,85.586107,248.52655,16.337782,36.886117,30.164145,152.66359,587.84366,46.387502,10.148015,223.08,15.27,282.69,0.697,7.17,0.05,1.09,9.61,0.69,1.5,0.53,10.92
954c1e06-6491-42f8-b94e-7449fba9f09e,J9,2026-06-24T08:39:16.533906+00:00,475.34986,150.9141,506.21713,94.57742,280.37253,220.31591,53.125417,62.817172,384.16702,84.455397,248.4184,16.217944,38.211834,30.651975,159.14871,602.72277,49.405644,10.346996,258.8,21.11,276.19,0.685,7.15,0.064,0.93,9.52,0.52,0.39,0.61,9.83
22a0a042-f0c1-4145-9c47-dedb530ff3aa,J8,2026-06-24T08:37:35.096909+00:00,409.48394,131.34934,433.2973,81.424269,237.06934,180.62899,53.971196,64.311633,364.83208,85.455641,233.81828,15.49892,34.390651,28.13152,143.54934,554.07036,42.582022,9.849544,191.53,18.51,259.39,0.557,7.19,0.069,0.9,10.58,0.55,0.33,0.55,12.55
efe2c080-c145-4216-81ef-7cb6cdb12e7b,J7,2026-06-24T08:35:49.30088+00:00,452.87181,142.36068,475.70593,88.314016,261.7804,203.86908,50.376642,59.081019,399.35876,78.410443,247.12061,15.498923,37.977885,30.24545,156.43197,596.93644,46.846786,9.949034,210.61,15.59,267.12,0.581,7.2,0.066,0.94,9,0.35,0.45,0.69,11.07
b57374bd-bc2a-469c-9229-dac5a482217f,J6,2026-06-24T08:33:15.53962+00:00,437.97357,143.44215,482.42221,89.208786,264.99676,204.08359,52.226781,63.066249,394.525,86.107974,257.93552,15.618759,38.055865,30.24545,154.41631,585.12762,46.25628,10.048525,220.88,17.21,210.78,0.65,7.23,0.057,0.92,10.98,0.53,0.41,0.34,7.69
9fc89008-d785-4165-b1c7-e0b3d841ee57,J5,2026-06-24T08:31:02.178795+00:00,447.55721,143.34381,477.14512,90.282511,263.97694,206.15733,51.751029,61.023819,395.5608,80.976287,262.04519,15.458975,39.927465,32.19677,166.77314,641.21957,48.290245,10.247506,191.77,19.49,253.57,0.604,7.23,0.076,0.92,9.1,0.64,0.37,0.44,7.51
bf33c476-4ec2-4ec9-9aa1-15540f3e1077,J4,2026-06-24T08:28:34.90911+00:00,483.36528,151.01243,508.51984,95.293237,285.00096,225.10694,51.275281,60.924189,424.67831,82.715841,284.5402,15.858433,42.578899,34.79853,185.26453,717.85888,51.9645,10.545978,197.64,16.89,205.3,0.627,7.28,0.067,1.04,2.63,0.51,0.7,0.38,4.37
d24d8113-303d-4189-86b0-97ac34b6912b,J3,2026-06-24T08:26:12.561932+00:00,443.02676,139.01793,465.91932,88.582442,258.56405,199.79314,50.165198,59.081019,377.60692,77.540664,249.82436,14.540226,36.808134,30.24545,160.11274,618.90089,45.272105,10.048525,200.58,14.94,224.22,0.418,7.34,0.073,0.94,13.03,0.73,0.32,0.48,11.88
d4d09834-774b-4cfe-b1b3-bf9d3e4f0711,J2,2026-06-24T08:23:42.999937+00:00,459.92886,146.68655,494.51156,91.624669,274.8812,213.02208,46.147753,54.896528,391.07235,74.931331,259.8822,14.140769,39.069649,31.70894,168.70115,635.90559,46.649952,9.949034,202.05,17.86,262.75,0.43,7.4,0.056,0.85,8.12,0.42,0.32,0.59,11.22
954434ad-4049-42d8-a5bc-e44a9789042f,J1,2026-06-24T08:21:11.485357+00:00,451.82631,141.2792,467.16663,88.761399,258.72094,202.2244,48.737947,57.835636,409.14132,77.236243,260.20664,14.460334,39.459566,31.70894,166.94842,638.97588,44.156704,10.048525,228.95,15.59,209.78,0.65,7.39,0.055,0.55,9.29,0.57,0.29,0.67,9.2
41bb1cf5-dfda-4f8c-8d1c-9b4490bc7dc3,N24,2026-06-23T11:47:38.549483+00:00,362.9596,101.854725,329.38654,57.891758,163.09305,119.13219,33.196778,37.461152,205.54891,47.446364,132.26628,8.708158,19.6518,16.504906,83.605658,322.85347,22.504829,7.063814,146.03,22.41,517.22,0.72,7.26,0.107,0.72,6.8,1.42,0.39,0.29,14.66
d5d05f10-4bbf-4084-8fa9-5731c77cd182,N23,2026-06-23T11:45:49.608811+00:00,371.06213,105.099118,341.66777,62.634053,171.64386,128.42822,33.672528,37.80986,228.10635,47.14194,135.51078,9.027724,20.665583,17.561876,90.353706,344.10938,25.326134,7.362285,167.31,20.46,407.01,0.511,7.28,0.085,0.78,10.91,1.37,27,0.48,10.28
b8c64d06-89e4-4ba4-8e13-02fbd4c3a092,N22,2026-06-23T11:43:22.630767+00:00,458.622,125.64706,407.77535,71.492296,200.27732,145.87616,36.474169,39.503584,226.6102,48.968472,145.02789,9.187506,21.445416,18.374924,96.66357,384.2594,26.638369,7.561266,142.12,13.64,849.52,1.068,7.25,0.211,0.57,7.5,1.37,0.78,0.36,8.17
7f49ed3b-9dc2-451c-8f45-77b7187c173e,N21,2026-06-23T11:35:54.266897+00:00,438.06068,121.12455,393.76707,71.223866,197.84543,144.80355,36.57989,39.702844,224.07822,48.794517,140.05305,9.387234,20.587602,17.805788,91.054801,359.46083,26.835204,7.760246,144.81,18.19,239.79,0.65,7.24,0.129,0.63,9.43,1.29,0.87,0.65,9.53
9aeca059-4e24-4099-b506-a3c810cb53ea,N20,2026-06-23T11:31:19.36146+00:00,432.83322,119.94475,391.84812,70.150139,195.80579,145.73314,35.099778,38.308013,210.72791,47.272405,128.58924,8.86794,19.807767,16.504909,82.115831,318.48419,25.391745,7.461775,137.47,15.59,273.17,0.499,7.19,0.142,0.6,6.1,1.41,0.73,0.42,11.46
70aed10b-ad22-4b45-8882-231bf104b52c,N19,2026-06-23T11:28:00.672165+00:00,380.2973,102.739557,328.04328,57.891759,162.07323,118.27409,31.558084,34.771122,178.61808,43.140964,114.63801,8.029081,17.234316,14.878809,75.893605,302.66034,22.504831,7.063814,145.79,16.24,412.16,0.627,7.18,0.132,0.58,8.42,1.5,1,0.57,10.98
cfc5b36f-b751-433f-a2e2-1403422df94f,N18,2026-06-23T11:26:37.168895+00:00,434.22721,120.33801,393.1914,71.223866,192.74631,143.30188,31.452361,34.571862,210.15247,42.619098,133.3478,8.308701,20.1197,17.480568,88.075145,357.68952,26.507146,7.362285,136.74,23.06,324.46,0.153,7.13,0.685,0.57,,1.08,0.87,0.5,14.36
7963414f-9964-4064-a14b-16cdc6eac5a3,N17,2026-06-23T11:20:33.645466+00:00,398.85477,114.14415,370.54788,66.92896,190.70668,144.80354,33.831112,39.055244,245.71496,50.968961,158.87095,9.786692,23.55097,20.16363,104.112722,420.15825,30.050179,7.959227,136.49,21.76,493.25,0.673,7.18,0.096,0.74,5.41,1.53,0.6,0.74,15.71
a79e119c-214a-4fb2-b090-0ec73c487629,N16,2026-06-23T11:18:21.732365+00:00,361.73984,101.854724,329.67439,58.518099,164.11286,117.63052,31.558084,34.571863,187.8252,43.27143,120.69437,8.108972,17.780201,15.204032,79.136174,308.80093,22.307996,6.964324,136.49,19.16,365.01,0.476,7.12,0.116,0.53,6.42,1.29,0.97,0.82,13.6
a3accf72-102e-41f4-aa43-bb2d0d8fb6ea,N15,2026-06-23T11:15:11.382255+00:00,391.27495,106.67217,347.6165,61.202416,169.60422,122.77909,28.545,31.58294,207.04506,40.357675,122.10028,7.350005,19.6518,15.85447,80.888913,308.44669,23.751452,6.964324,128.17,14.29,424.37,0.441,7.07,0.114,0.55,7.02,1.46,1.08,0.48,18.85
442604e0-de29-45f0-923e-ec390022fd1e,N14,2026-06-23T11:13:01.786348+00:00,372.7175,105.29577,344.35428,61.918233,172.89902,126.78353,32.192419,36.813555,214.64096,46.794029,129.99518,8.708158,20.35365,16.342298,82.466377,313.28832,24.407571,7.063814,155.82,15.59,327.38,0.546,7.07,0.09,0.72,8.23,1.33,0.2,0.74,11.82
01f538cd-150f-4774-b5b1-1daee4d2becf,N13,2026-06-23T11:09:38.24534+00:00,431.78775,117.78181,383.30882,69.613276,192.74632,146.01917,31.928112,34.771122,210.03739,42.880031,132.26631,8.588321,20.041718,17.236658,89.3897,359.81512,26.769593,7.561266,120.59,16.56,527.07,0.511,6.93,0.193,0.57,4.75,1.52,0.34,0.9,20.66
af982b9f-6bab-43b9-bf35-e2b67df55280,N12,2026-06-23T11:04:22.608192+00:00,417.58648,115.52057,378.70336,67.555299,189.1377,137.22369,30.02511,33.177031,200.485,42.010253,129.45444,7.909244,19.261882,16.830132,90.791891,361.11407,27.360099,7.262795,143.83,20.14,548.24,0.743,6.96,0.107,0.61,6.41,1.68,0.87,1.11,11.43
a15f2da4-531f-4c4f-bfcd-69e162df6fba,N11,2026-06-23T11:01:46.796894+00:00,354.85701,97.037268,314.13095,55.565353,155.95428,115.34227,26.800583,30.188111,181.84057,39.096496,118.85583,7.270113,17.390284,14.87881,74.9296,289.67063,21.323818,6.864834,158.51,18.51,366.13,0.662,6.83,0.131,0.63,4.95,1.54,1,1.18,19.06
81a15134-f3f6-454f-933e-a30c0b8d56cd,N10,2026-06-23T11:00:17.165758+00:00,389.18399,106.475535,346.36916,61.918235,171.64387,127.28409,31.135195,33.774817,192.88913,41.662342,121.77586,8.108973,18.404068,15.854465,80.538363,327.81318,24.210734,7.362285,141.14,13.64,503.1,0.627,6.77,0.121,0.64,9.65,1.7,0.91,0.82,9.32
d45940c3-6c52-47e7-a29e-1c29cfeb9ccb,N9,2026-06-23T10:57:56.233159+00:00,461.1486,127.31839,421.01606,74.534522,209.37726,155.60124,33.143916,36.813553,252.73541,46.663562,151.73313,8.788049,23.55097,19.269276,100.607245,385.44026,27.556935,7.660756,141.87,14.62,483.62,0.511,7.01,0.158,0.68,8.58,1.56,0.76,0.71,15.71
2c145e1d-3514-4575-9f97-7cdcae3350ee,N8,2026-06-23T10:55:58.557197+00:00,438.75768,120.92791,402.2104,72.118638,204.1997,151.45377,30.077972,33.276663,215.90692,41.966763,127.3996,8.188864,20.431635,16.748824,86.76059,337.37832,26.310311,7.163305,141.14,16.89,643.1,0.534,6.96,0.119,0.64,6.8,1.54,0.94,0.9,8.14
4440b795-d3af-498f-8cc5-188dd325c007,N7,2026-06-23T10:54:09.160747+00:00,365.39907,102.739571,341.76373,59.860259,166.54475,124.42378,33.091056,36.51466,203.47732,45.054474,123.39809,8.268755,18.716001,15.773164,78.522715,306.67537,22.242381,6.964324,172.45,18.19,485.97,0.418,6.93,0.097,0.65,8.53,1.84,1.13,1.2,10.62
96d61a23-d705-4b4a-b653-445f204ade9c,N6,2026-06-23T10:52:01.030252+00:00,439.5418,120.04308,388.77781,69.523798,194.39373,144.01696,36.844196,40.151182,223.96313,49.881739,134.10483,9.227452,20.431634,17.155349,88.338055,340.56671,25.194911,7.660756,117.66,15.92,247.74,0.383,6.84,0.125,0.76,8.58,1.01,1.01,0.99,14.75
4066aa9b-2cb5-415d-bc7f-7d00bf19eefc,N5,2026-06-23T10:49:40.89315+00:00,395.45692,109.91659,357.11523,63.797255,175.17401,129.1433,32.77389,36.514662,197.14741,44.706562,124.58773,8.148918,18.404067,15.854468,81.677646,325.09714,22.373605,6.964324,160.46,19.81,606.59,0.488,6.84,0.141,0.7,7.6,1.56,0.96,0.94,13
da2e3edd-29ab-4ded-b66f-1ef533636fac,N4,2026-06-23T10:47:15.703918+00:00,469.51253,128.69484,420.24846,75.518771,207.02383,155.88727,30.659445,33.874448,224.4235,42.488631,139.18785,8.548375,20.743566,17.805787,91.14244,364.8929,27.360099,7.461775,113.01,17.21,643.1,0.604,6.79,0.15,0.72,8.91,1.54,0.74,0.82,11.52
59137a35-ef0c-4c4d-bca0-37f9af7293aa,N3,2026-06-23T10:45:30.165857+00:00,402.86248,111.78458,363.35182,64.60255,180.11623,129.78687,33.196778,36.3154,197.72285,45.22843,118.96398,8.228809,18.092134,15.122725,75.718332,279.16079,23.357782,7.063814,113.01,13.97,485.97,0.627,6.75,0.144,0.75,9.43,1.84,1.08,0.88,10.41
4a9e436f-a557-4ad4-94bb-807a571ca7d0,N2,2026-06-23T10:43:44.736555+00:00,388.22562,108.44186,353.85306,63.528824,180.7438,134.14886,30.712307,34.82094,222.81226,44.880519,139.51227,8.788049,20.509618,17.399265,90.441344,351.78511,26.900816,7.461775,85.12,12.67,247.74,0.534,6.79,0.064,1.15,7.33,1.01,0.23,0.97,8.14
5a18c795-5422-44a6-a955-948a43f8d8cc,N1,2026-06-23T10:39:11.006825+00:00,420.81009,118.07678,386.47507,69.702753,191.64806,140.51305,33.038194,36.215771,215.33149,45.010986,132.69891,8.788049,20.197685,17.155351,86.672953,334.78038,25.719805,7.262795,127.93,15.27,606.59,0.65,6.56,0.247,0.77,8.25,1.56,0.8,0.78,19.54
cdab721a-0183-464b-8c9a-6f3a08699127,25,2026-06-12T12:05:35.231951+00:00,490.07386,154.65008,511.01448,97.619658,275.50877,217.5986,50.588086,58.782127,387.96493,74.757376,247.44504,14.100825,36.9641,30.73328,157.92181,608.74526,48.618306,9.949034,202.29,23.06,446.77,0.67,7.4,0.262,1.45,17.98,0.63,0.77,0.29,1.24
068cbf82-759e-4d8f-ac6b-01bfcc4ee085,24,2026-06-12T11:36:31.052433+00:00,412.35903,125.45042,409.88618,76.145113,212.43673,163.03804,32.033833,35.767433,273.45141,44.750051,169.14513,8.548375,26.280387,22.521475,119.27388,476.2502,39.235822,7.959227,185.41,22.09,463.46,0.49,7.56,0.165,1.9,14.52,0.87,1.66,0.19,0.36
4c8489bc-8d20-4bee-8d93-08a2c399c32b,23,2026-06-12T11:28:47.070059+00:00,426.56027,134.2988,439.62981,83.124334,232.99004,184.77647,40.650196,46.975889,315.68905,59.101384,201.26541,11.224735,30.959384,25.611065,130.75434,518.28962,44.025481,9.05362,127.44,19.81,792.51,0.68,7.57,0.218,1.58,8.92,0.46,1.2,0.21,0.45
e0b83b90-ae54-4e6a-a7cc-d9da22923a64,22,2026-06-12T11:24:07.030784+00:00,339.69742,106.18059,344.83403,64.513074,182.86189,146.37672,34.835472,39.10506,258.72002,48.403117,157.89762,9.387235,25.422569,21.13929,105.51489,418.85925,33.068318,7.959227,136.25,29.23,600.21,0.73,7.62,0.161,1.78,10.96,0.71,1.29,0.36,1
2d917bb0-e6f9-4830-b1ec-d9e62390ead5,21,2026-06-12T11:21:22.312885+00:00,393.01744,119.05991,390.60081,71.492296,202.08163,153.74202,33.461084,36.86337,237.31346,45.184942,146.43383,8.748103,22.693151,19.02536,96.31302,383.0785,35.824012,7.959227,157.53,24.36,509.04,0.44,7.61,0.172,1.63,10.73,0.67,1.39,0.29,1.96
9800fe99-a017-41b2-857d-87944b862e2a,20,2026-06-12T11:16:26.961853+00:00,362.17547,108.54018,351.83817,63.6183,178.70415,133.71982,36.421308,40.948228,227.41581,52.143162,151.19239,9.586963,21.28945,18.131007,90.441344,354.02878,30.706297,7.660756,178.81,26.31,401.07,0.37,7.49,0.395,0.63,5.07,0.62,0.88,0.4,1.72
5bc77c2d-a664-4025-8568-bbc1adb00b35,19,2026-06-12T11:10:51.670638+00:00,360.34586,108.93343,352.60574,66.660526,183.17569,134.50639,40.597337,45.182534,213.72024,55.622271,134.64558,10.226094,19.573816,16.260993,78.172167,288.01741,28.081828,7.561266,211.83,19.81,428.01,0.26,7.34,0.743,0.72,5.58,0.7,1.22,0.34,3.32
eb4b6b25-6a38-4be8-afe6-83c70bb02bf1,18,2026-06-12T11:06:16.066412+00:00,420.81006,129.48135,428.78778,80.618974,231.02885,177.19663,42.658919,47.573672,302.22365,60.536513,194.77645,12.10354,28.619884,23.57844,115.94369,440.9418,40.744894,8.655659,191.77,26.31,503.44,0.23,7.46,0.344,0.62,3.82,0.32,1.54,0.31,0.63
52a7e84d-5e05-4630-8c25-9726507fc439,17,2026-06-12T11:02:45.371256+00:00,383.34666,114.14415,374.00195,67.286868,188.58858,142.51527,31.135195,34.472231,223.61788,42.314676,135.18633,8.108972,21.523402,18.374922,93.771546,368.78982,31.690473,7.561266,194.95,22.41,514.42,0.44,7.51,0.235,1.6,10.19,0.62,1.63,0.34,0.45
f30247ce-48ca-436d-870c-649769c3f814,16,2026-06-12T10:59:19.651703+00:00,404.34359,128.49819,424.85395,80.171588,230.00904,173.69273,49.160835,56.291358,298.19553,69.538712,190.34234,12.502997,27.528117,22.60278,109.89673,416.85176,37.923589,8.655659,164.13,20.14,763.17,0.5,7.56,0.212,1.34,5.77,0.34,1.23,0.44,0.54
df09e890-1abc-44b7-826c-fab921f65ef9,15,2026-06-12T10:56:39.175007+00:00,421.07146,129.7763,423.60663,81.692701,230.55817,180.91503,40.544474,46.477734,353.32315,60.275582,194.23573,11.983704,34.390651,25.285845,124.44448,472.35328,43.697422,8.85464,240.94,24.04,369.38,0.28,7.63,0.147,1.18,7.16,0.5,1.27,0.34,0.6
4d06c721-c756-4554-b5c3-576887e691f2,14,2026-06-12T10:52:27.214018+00:00,397.63502,128.39989,422.83904,79.008385,224.83148,170.61788,50.905252,57.785819,284.38487,71.365245,186.77344,13.461695,26.59232,22.44017,108.84511,420.98486,40.154386,9.05362,248.03,31.18,814.58,0.37,7.59,0.227,0.65,9.52,0.33,0.79,0.36,0.75
a3ec00d7-2fa3-4636-9bb0-87d8d8d9be85,13,2026-06-12T10:49:14.590689+00:00,414.62428,132.82406,432.33781,81.334791,236.91246,187.99431,49.689447,58.433419,345.03675,75.235755,229.38417,14.460336,32.363085,27.074555,135.57438,541.43493,50.324207,9.650563,177.34,21.11,302.74,0.31,7.61,0.165,0.76,1.35,0.21,0.2,0.32,0.57
49eea3f5-26b3-485f-a09b-0a3501c30f23,12,2026-06-12T10:44:40.899317+00:00,438.93193,133.21732,434.3527,80.440018,227.42026,178.19773,36.10414,41.844906,326.04706,55.839715,222.13818,10.82528,33.688804,28.29413,147.66828,590.79585,46.190668,8.755149,198.87,25.66,372.96,0.39,7.5,0.166,1.33,5.63,0.4,1.19,0.44,0.63
2acca2aa-ad6e-4f63-b4eb-b19131c97888,11,2026-06-12T10:40:53.596192+00:00,307.11295,94.186128,305.1119,55.744308,155.24826,116.5579,35.945557,39.852291,180.91987,48.055207,109.44685,8.827995,17.234314,14.390985,67.042274,259.55812,25.063687,7.063814,151.41,26.63,468.38,0.31,7.4,0.305,1.81,13.04,0.72,1.89,0.48,0.97
4ec6255c-d895-4e90-9380-d695ad80499f,10,2026-06-12T10:35:39.377079+00:00,288.29412,86.025952,275.36828,49.301946,140.02938,108.119962,27.06489,31.732388,220.1652,41.140476,137.13301,6.870656,21.211466,18.049701,90.791891,357.8076,23.817065,6.665853,198.62,23.06,582.18,0.59,7.4,0.186,1.1,7.34,0.47,0.69,0.73,0.51
2e0f2df1-819e-4681-bd17-973d2de87206,9,2026-06-12T10:28:17.702434+00:00,421.33282,132.72573,434.44865,79.992634,230.16593,182.84574,37.848558,43.438997,318.68137,56.01367,208.61954,10.625552,30.8814,25.773675,129.17689,502.70196,40.61367,8.456678,162.42,23.39,672.22,0.39,7.49,0.199,0.72,5.47,0.23,0.81,0.4,0.57
4d1c583f-72d2-409f-88e3-ac9f214d4671,8,2026-06-12T10:23:46.137223+00:00,464.89494,144.32698,474.84238,87.687673,249.62099,192.92837,40.015862,45.03309,315.34379,56.839962,193.26236,10.785333,29.321735,25.04193,129.26452,504.11903,45.140879,8.85464,172.2,30.21,808.64,0.28,7.4,0.242,1.34,5.28,0.33,1.09,0.31,1.24
b1055045-629b-4a6d-968e-e44a2245b109,7,2026-06-12T10:18:33.649076+00:00,329.24251,101.756393,326.98786,60.039212,170.3887,132.57568,31.769528,36.066324,229.83267,45.228428,148.5968,8.548375,22.225252,18.781445,93.421,367.25466,32.280979,7.561266,222.1,30.53,600.99,0.37,7.51,0.12,1.77,10.51,0.64,1.21,0.34,0.93
d466147a-d01c-4843-b01d-8467d69ed558,6,2026-06-12T10:00:40.751289+00:00,393.71444,123.77905,404.70503,74.802953,215.02549,162.53749,46.04203,52.206497,279.55113,65.276799,180.60895,11.863867,25.500553,21.46451,104.375636,390.28188,36.742576,8.357188,238.25,20.79,616.9,0.3,7.52,0.135,1.01,4.64,0.24,0.93,0.42,0.63
3d7107f0-76fa-4867-947f-bedb6d7c02b6,5,2026-06-12T09:51:18.469219+00:00,337.78069,112.07955,364.79102,68.897458,202.3954,156.31629,48.737945,57.387296,335.59945,75.148778,220.29964,13.58153,32.597035,26.261505,128.91398,477.66724,40.613669,8.85464,231.15,20.79,258.94,0.21,7.51,0.158,0.74,1.42,0.23,0.26,0.29,0.81
d23eeb3b-7fc8-4756-8ac3-953ec1f6365a,4,2026-06-12T09:41:39.836823+00:00,378.99044,118.47002,387.91429,72.744978,205.21951,160.17775,42.764642,48.470349,281.27746,60.623492,177.47261,11.424465,26.592318,21.78973,103.937436,398.1938,36.676965,8.257698,213.54,20.14,801.36,0.31,7.28,0.211,1.05,3.74,0.37,1.23,0.31,0.6
8b3dac65-7f70-4a8b-b4d4-e526458b1560,3,2026-06-12T09:35:46.752138+00:00,357.90638,110.11321,360.85719,65.586801,186.78432,140.01249,34.359723,37.809862,220.2803,46.141697,139.40415,8.788049,20.665584,17.724482,88.600967,350.01379,32.740262,7.760246,235.56,21.11,749.73,0.45,7.1,0.43,1.03,9.47,0.62,1.54,0.88,247
77445927-c11e-4e51-be41-57fc70898d38,2,2026-06-12T09:30:25.162765+00:00,357.12225,113.75089,374.19384,70.239616,198.15923,152.7409,42.183167,47.922378,265.62536,59.753715,170.22663,11.104899,25.812486,21.13929,103.411624,404.3344,36.8738,8.257698,200.82,22.74,584.53,0.38,7.01,0.344,0.79,3.23,0.46,0.97,0.25,0.69
f2aec1ea-0908-488b-93fb-beee29097737,1,2026-06-12T09:23:12.123001+00:00,347.36434,106.57386,346.36918,62.36562,183.41102,145.66164,34.095418,38.557093,254.57682,48.924984,163.08876,9.107615,25.032653,20.97668,105.95309,406.22383,33.002706,7.660756,255.13,16.89,544.43,0.39,6.86,0.0228,2.72,16.35,0.98,1.13,0.32,1.81
ec129763-feca-42da-9d8c-d13aef083945,,2026-04-07T10:57:35.969959+00:00,315.65112,117.68352,446.44204,84.466492,244.83566,183.56084,41.33739,47.523857,296.58431,59.62325,190.6668,11.464409,27.684086,22.76539,113.05167,451.09739,38.907764,8.95413,300,16.1,189,3.94,5.95,0.53,25.3,7.04,1.34,6.44,0.35,37
50dcd44d-e3df-4cc9-9e09-0eeb5acc8f74,,2026-04-07T07:01:27.461195+00:00,7560.1188,1840.7587,6205.5732,1018.51905,2789.0558,1941.5114,534.32013,547.42101,2085.5272,642.28719,1137.5117,110.010399,161.42551,128.21796,591.81236,1909.6062,171.57471,46.064029,0,0,0,0,0,0,0,0,0,0,0,0
993f0f9c-6b0d-4818-83ff-a588b6a3b9e0,,2026-04-03T15:39:46.019855+00:00,108.5568,28.806405,92.684939,15.74799,46.911803,28.96071,14.378224,16.887409,38.669894,17.265083,21.846108,3.555165,3.7432,3.252199,10.954625,24.680458,4.13354,4.775536,126.41,12.23,351.96,0.46,8.035,0.21,5.12,10.55,1.1,0.85,0.23,43.35